EmployeeID,FirstName,LastName,Email,Phone,EmployeeType,StartDate,IsActive,MerchantID
1,Barnard,Dalliwatr,bdalliwatr0@altervista.org,442-308-0336,Store,2007-2025-03,1,34
2,Alon,Steet,asteet1@issuu.com,181-288-4235,CafeCoin,2025-2025-02,1,1
3,Sharline,Zelner,szelner2@constantcontact.com,759-989-4244,Store,2027-2024-06,1,13
4,Cy,Ramey,cramey3@telegraph.co.uk,283-702-3638,CafeCoin,2004-2024-10,1,1
5,Stern,Hardacre,shardacre4@ezinearticles.com,632-509-0922,Store,2013-2025-02,1,33
6,Angelico,Boniface,aboniface5@t.co,415-819-7970,CafeCoin,2006-2024-11,1,1
7,Daphne,Bosanko,dbosanko6@sciencedirect.com,897-155-5035,Store,2025-2024-10,1,22
8,Gale,Gerling,ggerling7@disqus.com,314-381-4182,CafeCoin,2009-2024-06,1,1
9,Gregoor,Gobert,ggobert8@jiathis.com,299-558-5752,Store,2005-2024-06,1,37
10,Lennard,Gemlett,lgemlett9@mac.com,481-535-6303,CafeCoin,2020-2024-10,1,1
11,Anna-maria,Pues,apuesa@timesonline.co.uk,291-299-0246,Store,2026-2024-08,1,40
12,Atlanta,McAloren,amcalorenb@hexun.com,781-482-0903,CafeCoin,2011-2024-11,1,1
13,Janine,Duffet,jduffetc@freewebs.com,583-435-4590,Store,2029-2024-12,1,33
14,Hadrian,Darko,hdarkod@redcross.org,513-978-5762,CafeCoin,2031-2024-05,1,1
15,Clifford,Ailward,cailwarde@oakley.com,622-586-9616,Store,2003-2025-01,1,39
16,Emmye,Roskrug,eroskrugf@blog.com,561-353-3260,CafeCoin,2023-2024-10,1,1
17,Miriam,Osgerby,mosgerbyg@pen.io,213-786-1182,Store,2004-2024-10,1,23
18,Cass,Tanner,ctannerh@xing.com,744-335-2262,CafeCoin,2014-2024-05,1,1
19,Juanita,Grimoldby,jgrimoldbyi@blogs.com,198-187-0701,Store,2007-2025-02,1,31
20,Tandi,Coils,tcoilsj@histats.com,282-170-3301,CafeCoin,2007-2024-07,1,1
21,Howey,Herreros,hherrerosk@i2i.jp,518-607-4196,Store,2013-2024-07,1,25
22,Megen,Wellfare,mwellfarel@businessinsider.com,571-125-4706,CafeCoin,2027-2024-06,1,1
23,Flem,Munkley,fmunkleym@livejournal.com,398-606-8462,Store,2021-2025-01,1,5
24,Rab,Walenta,rwalentan@t.co,639-608-0281,CafeCoin,2011-2024-09,1,1
25,Alister,Broseman,abrosemano@unblog.fr,386-895-2261,Store,2020-2024-05,1,19
26,Carlita,Harman,charmanp@cornell.edu,759-347-5482,CafeCoin,2016-2025-01,1,1
27,Cornell,Neil,cneilq@yale.edu,285-124-6425,Store,2021-2024-09,0,36
28,Lissi,Snazel,lsnazelr@yahoo.com,108-464-3101,CafeCoin,2015-2024-10,1,1
29,Calli,Cometto,ccomettos@omniture.com,265-889-7375,Store,2002-2024-10,1,16
30,Lindsay,Pideon,lpideont@amazon.com,240-406-5874,CafeCoin,2014-2024-08,1,1
31,Sumner,McCready,smccreadyu@blog.com,313-110-7114,Store,2010-2024-09,1,30
32,Sibylle,Toderini,stoderiniv@istockphoto.com,601-768-0564,CafeCoin,2016-2024-08,1,1
33,Pearle,Rive,privew@feedburner.com,858-915-0540,Store,2024-2025-02,0,35
34,Maressa,Wightman,mwightmanx@tripod.com,474-824-3707,CafeCoin,2031-2025-03,1,1
35,Wilhelmina,Willis,wwillisy@walmart.com,577-659-2575,Store,2006-2024-05,1,18
36,Bob,Morland,bmorlandz@prweb.com,809-129-3860,CafeCoin,2005-2024-11,1,1
37,Cornelle,Gatchel,cgatchel10@google.com.hk,327-444-7765,Store,2003-2025-03,1,13
38,Della,Snoddy,dsnoddy11@reverbnation.com,947-522-5325,CafeCoin,2004-2024-12,1,1
39,Rozelle,Merfin,rmerfin12@shop-pro.jp,423-118-0968,Store,2009-2024-06,1,8
40,Collette,Corney,ccorney13@cmu.edu,419-300-8448,CafeCoin,2026-2025-02,1,1
41,Liane,Nickerson,lnickerson14@wisc.edu,180-654-6129,Store,2017-2024-12,1,2
42,Grata,Ishak,gishak15@surveymonkey.com,384-289-6422,CafeCoin,2004-2025-01,1,1
43,Niall,Bims,nbims16@rediff.com,449-902-7530,Store,2028-2024-12,1,20
44,Pollyanna,Birk,pbirk17@google.com.hk,413-144-9712,CafeCoin,2004-2024-09,1,1
45,Avrom,Deuss,adeuss18@taobao.com,586-354-7399,Store,2014-2025-03,1,18
46,Fabio,Letson,fletson19@reuters.com,636-458-8989,CafeCoin,2002-2024-10,1,1
47,Dru,Leblanc,dleblanc1a@about.me,765-389-1565,Store,2002-2024-10,1,25
48,Irvine,Van der Brugge,ivanderbrugge1b@simplemachines.org,777-930-7191,CafeCoin,2028-2025-02,1,1
49,Vance,Newiss,vnewiss1c@surveymonkey.com,961-939-7471,Store,2025-2024-12,1,13
50,Orelie,Brenstuhl,obrenstuhl1d@dedecms.com,947-903-3830,CafeCoin,2024-2025-03,1,1
51,Orville,Saben,osaben1e@usnews.com,391-312-5947,Store,2024-2024-06,1,32
52,Michelina,Helbeck,mhelbeck1f@cloudflare.com,204-713-3295,CafeCoin,2026-2025-01,1,1
53,Goddart,Obern,gobern1g@godaddy.com,104-512-5140,Store,2010-2024-07,1,34
54,Woodman,Dillinton,wdillinton1h@illinois.edu,266-827-6123,CafeCoin,2026-2024-09,1,1
55,Leopold,Ketchaside,lketchaside1i@intel.com,496-827-7990,Store,2005-2024-11,1,24
56,Luigi,Furniss,lfurniss1j@jugem.jp,562-241-6283,CafeCoin,2010-2024-07,1,1
57,Fanny,Strelitzki,fstrelitzki1k@goo.ne.jp,388-937-0074,Store,2009-2025-01,1,13
58,Pat,Keegan,pkeegan1l@flavors.me,243-511-3118,CafeCoin,2029-2024-05,1,1
59,Inglis,Linklet,ilinklet1m@cmu.edu,926-899-4480,Store,2026-2024-10,1,20
60,Pamella,Hilhouse,philhouse1n@meetup.com,202-170-1765,CafeCoin,2003-2024-12,1,1
61,Oren,de Clerc,odeclerc1o@prnewswire.com,862-578-1190,Store,2005-2024-09,1,19
62,Isaiah,Ellins,iellins1p@sciencedaily.com,458-138-4156,CafeCoin,2002-2024-12,1,1
63,Sigismondo,Casazza,scasazza1q@trellian.com,869-618-4685,Store,2030-2024-06,1,11
64,Andee,MacSherry,amacsherry1r@people.com.cn,291-562-2676,CafeCoin,2025-2024-12,1,1
65,Janaye,Robart,jrobart1s@bing.com,997-162-5057,Store,2017-2024-04,1,40
66,Rickert,Heasly,rheasly1t@deviantart.com,753-809-2620,CafeCoin,2002-2024-06,1,1
67,Dionisio,Spellar,dspellar1u@purevolume.com,820-832-6030,Store,2024-2024-08,1,14
68,Tanner,Berrisford,tberrisford1v@blogger.com,495-545-4159,CafeCoin,2008-2024-07,1,1
69,Janean,Golbourn,jgolbourn1w@domainmarket.com,838-319-6338,Store,2011-2024-06,1,24
70,Fleur,Rotham,frotham1x@google.de,475-364-1348,CafeCoin,2031-2024-05,0,1
71,Orlando,Fieller,ofieller1y@sakura.ne.jp,886-503-1486,Store,2004-2024-11,1,13
72,Bealle,Keatch,bkeatch1z@chronoengine.com,437-591-8209,CafeCoin,2014-2024-11,0,1
73,Svend,Deeth,sdeeth20@t.co,364-381-8403,Store,2014-2024-06,1,10
74,Henrie,Dyton,hdyton21@prnewswire.com,982-767-5031,CafeCoin,2016-2024-04,1,1
75,Cobb,Mulrooney,cmulrooney22@rakuten.co.jp,987-411-2832,Store,2007-2024-11,1,34
76,Bernete,Gerok,bgerok23@wunderground.com,289-575-3153,CafeCoin,2030-2024-11,1,1
77,Ania,McMurtyr,amcmurtyr24@cnbc.com,901-622-1649,Store,2024-2024-07,1,1
78,Samuel,Lush,slush25@ustream.tv,931-207-0116,CafeCoin,2017-2024-09,0,1
79,Tracy,Elster,telster26@answers.com,972-524-5027,Store,2006-2025-04,1,15
80,Juline,Eyree,jeyree27@cdbaby.com,360-379-4462,CafeCoin,2006-2024-05,1,1
