CustomerID,FirstName,LastName,Email,Phone,StreetAddress,Apartment,City,State,ZipCode,CoinBalance,AccountBalance,DateJoined,IsActive,AutoReloadAmt
1,Ulberto,Swinburn,uswinburn0@gmpg.org,504-758-8336,95 Weeping Birch Terrace,Apt 1643,New Orleans,Louisiana,70187,419,39,2024-06-26,true,0
2,Sibel,Duval,sduval1@phpbb.com,570-246-0673,131 Glacier Hill Avenue,PO Box 40809,Wilkes Barre,Pennsylvania,18768,84,42,2024-12-05,true,0
3,Skipton,Yalden,syalden2@craigslist.org,810-990-4920,530 Burrows Hill,Room 1382,Flint,Michigan,48555,25,11,2024-07-26,true,11
4,Sanders,Keggins,skeggins3@cnet.com,314-370-9183,1038 Sheridan Crossing,PO Box 11198,Saint Louis,Missouri,63121,96,16,2025-03-30,true,0
5,Ulric,Frizzell,ufrizzell4@marriott.com,773-594-2698,81908 Lindbergh Road,Room 500,Chicago,Illinois,60624,83,14,2024-10-03,true,0
6,Elka,Keogh,ekeogh5@privacy.gov.au,720-571-1363,89 Butterfield Junction,Suite 45,Littleton,Colorado,80126,26,46,2024-11-14,true,0
7,Pietro,Renshell,prenshell6@rediff.com,571-553-1414,3 Mccormick Way,4th Floor,Vienna,Virginia,22184,60,42,2024-10-13,true,0
8,Paule,Dagworthy,pdagworthy7@jimdo.com,515-533-0394,38 Dayton Street,3rd Floor,Des Moines,Iowa,50393,77,38,2025-01-13,true,0
9,Ranique,Alpin,ralpin8@shop-pro.jp,907-516-9318,8 Meadow Valley Terrace,Room 1049,Anchorage,Alaska,99512,10,1,2025-03-19,true,0
10,Gilda,Meir,gmeir9@cbc.ca,212-338-5640,3973 Shasta Crossing,PO Box 79806,New York City,New York,10115,29,24,2025-04-03,true,0
11,Ignacius,Beckles,ibecklesa@t-online.de,214-996-5761,3 Nova Pass,Apt 1994,Dallas,Texas,75372,85,15,2024-11-13,true,0
12,Ranna,Serrell,rserrellb@shareasale.com,515-890-6249,290 Pawling Plaza,5th Floor,Des Moines,Iowa,50347,15,17,2024-09-29,true,1
13,Aldus,Bottomer,abottomerc@fda.gov,253-677-4847,5659 Lakewood Alley,5th Floor,Tacoma,Washington,98481,144,28,2024-09-16,true,0
14,Penni,Godsmark,pgodsmarkd@theglobeandmail.com,706-949-7576,23 Hansons Junction,PO Box 23161,Columbus,Georgia,31904,102,36,2024-11-15,true,0
15,Cornie,Housbey,chousbeye@uiuc.edu,571-380-9342,6 Paget Trail,15th Floor,Alexandria,Virginia,22333,48,22,2024-11-30,true,0
16,Sauncho,Keizman,skeizmanf@msu.edu,310-880-4082,9 Upham Avenue,Suite 59,Garden Grove,California,92844,228,8,2025-02-08,true,0
17,Josee,Casino,jcasinog@earthlink.net,202-617-8368,97 Birchwood Street,18th Floor,Washington,District of Columbia,20010,11,11,2024-05-17,true,0
18,Broderick,Burgett,bburgetth@china.com.cn,772-667-9639,8067 Hagan Circle,Suite 1,Vero Beach,Florida,32964,61,17,2025-01-26,true,0
19,Adel,Goodee,agoodeei@posterous.com,716-153-7341,35 Nancy Place,19th Floor,Buffalo,New York,14210,38,42,2024-07-15,true,4
20,Lonnie,Gonzalvo,lgonzalvoj@angelfire.com,502-748-8870,97 Almo Place,Room 1781,Louisville,Kentucky,40205,318,27,2025-01-03,true,0
21,Grady,Basketter,gbasketterk@jalbum.net,717-536-0517,83 Loomis Way,Suite 57,Lancaster,Pennsylvania,17622,7,86,2024-08-13,true,11
22,Dido,Orpyne,dorpynel@etsy.com,808-555-9531,876 Charing Cross Trail,Room 712,Honolulu,Hawaii,96825,358,20,2024-04-24,true,0
23,Vallie,Ferrettino,vferrettinom@about.me,215-366-5988,1 Monterey Terrace,Room 1355,Philadelphia,Pennsylvania,19141,17,0,2025-03-15,true,0
24,Dag,Millyard,dmillyardn@mayoclinic.com,650-766-1118,6 Manufacturers Park,Apt 1202,Los Angeles,California,90045,66,15,2024-06-26,true,4
25,Lock,Winscom,lwinscomo@npr.org,702-147-5586,225 Cottonwood Point,Suite 35,Las Vegas,Nevada,89125,28,34,2025-04-04,true,0
26,Franklin,McIver,fmciverp@google.co.jp,772-280-3229,83 Columbus Circle,Apt 1040,Fort Pierce,Florida,34949,96,15,2024-04-30,true,5
27,Ulysses,Raiker,uraikerq@feedburner.com,212-141-1015,53 Springs Junction,8th Floor,New York City,New York,10203,92,23,2024-09-21,true,0
28,Jule,McMinn,jmcminnr@weebly.com,816-156-7199,0473 Stephen Drive,Suite 23,Kansas City,Missouri,64142,39,27,2024-08-05,true,15
29,Alphonso,Shoubridge,ashoubridges@noaa.gov,904-458-0318,17 Carioca Park,Room 1173,Jacksonville,Florida,32244,0,76,2024-05-27,true,0
30,Danyette,Stapels,dstapelst@state.gov,239-774-3266,37 Sugar Trail,16th Floor,Cape Coral,Florida,33915,67,90,2025-01-15,true,0
31,Keelby,Jozwicki,kjozwickiu@examiner.com,817-261-0796,179 Thierer Lane,Apt 825,Fort Worth,Texas,76121,32,13,2024-12-20,true,0
32,Leonhard,Pattingson,lpattingsonv@e-recht24.de,520-770-8996,3540 Tony Street,Room 1553,Tucson,Arizona,85710,87,66,2024-10-18,true,0
33,Brunhilda,Cicetti,bcicettiw@360.cn,317-789-1344,783 Gale Plaza,Room 1850,Indianapolis,Indiana,46207,157,17,2024-11-30,true,0
34,Emili,Saines,esainesx@baidu.com,916-900-1892,88 Buhler Court,Room 1556,Sacramento,California,95813,79,62,2024-11-09,true,0
35,Jeannine,Edinburough,jedinburoughy@icio.us,970-513-6253,6182 Green Ridge Junction,Suite 86,Greeley,Colorado,80638,97,10,2024-05-11,true,0
36,Grantley,Abeles,gabelesz@myspace.com,716-668-2302,53 Hintze Avenue,Suite 26,Buffalo,New York,14276,399,10,2024-12-27,true,0
37,Morgen,Giscken,mgiscken10@reference.com,212-857-0082,5 Coleman Drive,Room 523,Jamaica,New York,11499,22,27,2024-12-23,true,0
38,Jenifer,Derx,jderx11@alibaba.com,205-184-5635,13332 Mifflin Point,Room 1063,Tuscaloosa,Alabama,35405,98,86,2024-11-30,true,0
39,Iorgos,Dyter,idyter12@bing.com,706-171-1977,935 Monterey Park,Room 168,Columbus,Georgia,31904,11,67,2024-09-04,false,0
40,Olga,Pettit,opettit13@yale.edu,919-406-0934,15 Old Gate Place,Suite 32,Raleigh,North Carolina,27610,38,37,2025-01-01,true,0
